workload,format,repeat,entries,payload_bytes,wire_bytes,encode_cpu_us,decode_cpu_us,encode_wall_us,decode_wall_us,encode_batches_s,decode_batches_s
single_metadata,json,0,1,128,251,6.02,6.52,6.0425,6.51834,165494,153413
single_metadata,json-control,0,1,128,251,2.2,2.98,2.21166,2.98916,452149,334542
single_metadata,cbor,0,1,128,190,1,1.82,0.97416,1.8325,1.02653e+06,545703
single_metadata,msgpack,0,1,128,190,0.94,2.08,0.95584,2.13832,1.0462e+06,467657
metadata_batch,json,0,32,32768,46647,424.86,435.18,432.096,439.555,2314.3,2275.03
metadata_batch,json-control,0,32,32768,46647,319.36,439.88,322.93,445.95,3096.65,2242.4
metadata_batch,cbor,0,32,32768,35469,13.5,103.04,13.4975,103.657,74087.8,9647.23
metadata_batch,msgpack,0,32,32768,35469,13.86,102.02,14.03,102.23,71275.8,9781.86
full_batch,json,0,1024,262144,443417,4153.82,4236.76,4168.6,4250.64,239.888,235.259
full_batch,json-control,0,1024,262144,443417,2700.22,4017.9,2724.62,4150.33,367.023,240.945
full_batch,cbor,0,1024,262144,348175,293.18,1541.2,300.124,1563.01,3331.95,639.793
full_batch,msgpack,0,1024,262144,348175,299.06,1596.06,305.312,1616.4,3275.33,618.66
key_heavy,json,0,256,32768,181528,929.98,1059.98,949.866,1074.3,1052.78,930.841
key_heavy,json-control,0,256,32768,181528,794.28,969.44,797.021,972.315,1254.67,1028.47
key_heavy,cbor,0,256,32768,168975,92.02,711.58,92.1767,712.89,10848.7,1402.74
key_heavy,msgpack,0,256,32768,168975,98.96,708.28,100.448,710.338,9955.45,1407.78
binary_payload,json,0,64,262144,355414,3230.62,3180.3,3250.03,3274.14,307.689,305.424
binary_payload,json-control,0,64,262144,355414,2601.26,3484.2,2998.56,3596.87,333.494,278.02
binary_payload,cbor,0,64,262144,267533,74.16,779.06,79.9792,816.552,12503.3,1224.66
binary_payload,msgpack,0,64,262144,267533,74.06,770.1,76.305,803.074,13105.3,1245.21
large_payload,json,0,8,524288,699806,6100.26,6347.1,6426.71,6536.52,155.601,152.987
large_payload,json-control,0,8,524288,699806,4782.68,6786.22,4871.28,6835.87,205.285,146.287
large_payload,cbor,0,8,524288,524987,92.86,1186.3,92.8675,1192.88,10768,838.309
large_payload,msgpack,0,8,524288,524987,95.68,1186.74,96.1683,1197.72,10398.4,834.919
typed_put_32_r2,json,0,32,4878,7789,101.02,95.62,102.301,96.1583,9775.09,10399.5
typed_put_32_r2,json-control,0,32,4878,7789,57.92,79.2,59.8975,79.7725,16695.2,12535.6
typed_put_32_r2,cbor,0,32,4878,5905,9.26,34.04,9.25918,34.7625,108001,28766.6
typed_put_32_r2,msgpack,0,32,4878,5905,9.18,34.74,9.1775,35.0458,108962,28534.1
typed_put_256_r8,json,0,256,122084,173166,1712.8,1645.58,1728.52,1673.51,578.528,597.547
typed_put_256_r8,json-control,0,256,122084,173166,1181.74,1602.9,1188.03,1610.61,841.727,620.882
typed_put_256_r8,cbor,0,256,122084,130693,72.86,433.14,72.8792,435.373,13721.3,2296.88
typed_put_256_r8,msgpack,0,256,122084,130693,74.92,435.98,75.0808,437.284,13319,2286.84
typed_put_1024_r2,json,0,1024,158554,253595,3144.84,2891.44,3185.52,2925.12,313.921,341.866
typed_put_1024_r2,json-control,0,1024,158554,253595,1652.88,2360.22,1670.35,2377.44,598.675,420.62
typed_put_1024_r2,cbor,0,1024,158554,192275,250.88,983.2,252.723,985.267,3956.9,1014.95
typed_put_1024_r2,msgpack,0,1024,158554,192275,247.28,1032.92,247.692,1034.96,4037.26,966.221
typed_segment_256,json,0,256,14043,27066,491.78,426.52,493.784,428.145,2025.18,2335.66
typed_segment_256,json-control,0,256,14043,27066,194.98,273.2,196.729,275.979,5083.13,3623.46
typed_segment_256,cbor,0,256,14043,20092,62.48,190.94,62.4925,198.692,16001.9,5032.9
typed_segment_256,msgpack,0,256,14043,20092,62.52,193.4,62.5292,196.286,15992.5,5094.61
typed_replay_trace,json,0,11,934,1636,30.4,26.96,30.9383,27.0458,32322.4,36974.3
typed_replay_trace,json-control,0,11,934,1636,12.96,18.96,13.1792,18.9608,75877.4,52740.3
typed_replay_trace,cbor,0,11,934,1215,3.66,10.06,3.66916,10.0417,272542,99585.1
typed_replay_trace,msgpack,0,11,934,1218,3.7,10.2,3.705,10.2217,269906,97831.5
single_metadata,json-control,1,1,128,251,2.24,3.28,2.23332,3.2925,447764,303721
single_metadata,cbor,1,1,128,190,0.96,1.84,0.9575,1.86416,1.04439e+06,536435
single_metadata,msgpack,1,1,128,190,0.94,1.84,0.9575,1.83916,1.04439e+06,543726
single_metadata,json,1,1,128,251,6.3,6.82,6.31416,6.81832,158374,146664
metadata_batch,json-control,1,32,32768,46647,318.18,427.5,322.901,431.947,3096.93,2315.1
metadata_batch,cbor,1,32,32768,35469,14.68,115.24,14.6867,115.562,68089,8653.39
metadata_batch,msgpack,1,32,32768,35469,15.06,117.84,15.1267,119.149,66108.4,8392.84
metadata_batch,json,1,32,32768,46647,441.18,438.56,444.864,443.343,2247.88,2255.59
full_batch,json-control,1,1024,262144,443417,2943.94,4526.06,2961.61,4640.81,337.654,215.479
full_batch,cbor,1,1024,262144,348175,346.06,1927.4,349.363,1953.92,2862.36,511.791
full_batch,msgpack,1,1024,262144,348175,370.78,2096.46,375.917,2141.05,2660.16,467.061
full_batch,json,1,1024,262144,443417,6355.62,6455.34,6397,6556.52,156.323,152.52
key_heavy,json-control,1,256,32768,181528,1164.9,1494.46,1175.05,1508.78,851.025,662.789
key_heavy,cbor,1,256,32768,168975,139.64,996.82,140.166,1014.71,7134.41,985.502
key_heavy,msgpack,1,256,32768,168975,138.1,995.46,138.803,1020.45,7204.48,979.965
key_heavy,json,1,256,32768,181528,1316.62,1514.1,1326.77,1538.25,753.711,650.09
binary_payload,json-control,1,64,262144,355414,3410,4814.02,3504.67,4930.22,285.334,202.831
binary_payload,cbor,1,64,262144,267533,100.62,943.82,103.728,959.649,9640.57,1042.05
binary_payload,msgpack,1,64,262144,267533,94.58,947.42,96.1425,965.138,10401.2,1036.12
binary_payload,json,1,64,262144,355414,3952.12,3757.82,3993.93,3794.91,250.38,263.511
large_payload,json-control,1,8,524288,699806,5514.54,7688.14,5554.52,7927.3,180.034,126.146
large_payload,cbor,1,8,524288,524987,118.3,1477.42,122.062,1509.51,8192.58,662.469
large_payload,msgpack,1,8,524288,524987,127.32,1465.02,128.206,1484.95,7799.96,673.425
large_payload,json,1,8,524288,699806,7412.98,6983.86,7487.18,7019.84,133.562,142.453
typed_put_32_r2,json-control,1,32,4878,7789,57.66,82.44,57.8567,82.9525,17284.1,12055.1
typed_put_32_r2,cbor,1,32,4878,5905,9.78,35.46,9.9975,36.1592,100025,27655.5
typed_put_32_r2,msgpack,1,32,4878,5905,9.2,36.56,9.20332,36.69,108656,27255.4
typed_put_32_r2,json,1,32,4878,7789,111.58,98.58,112.744,98.9967,8869.64,10101.4
typed_put_256_r8,json-control,1,256,122084,173166,1349.98,1825.82,1385.85,1856.79,721.579,538.564
typed_put_256_r8,cbor,1,256,122084,130693,96.4,556.62,97.9208,564.007,10212.3,1773.03
typed_put_256_r8,msgpack,1,256,122084,130693,96.02,557.16,96.8967,567.23,10320.3,1762.95
typed_put_256_r8,json,1,256,122084,173166,2041.78,1903.02,2068.35,1921.87,483.477,520.327
typed_put_1024_r2,json-control,1,1024,158554,253595,1852.92,2735.44,1860.8,2750.66,537.404,363.549
typed_put_1024_r2,cbor,1,1024,158554,192275,295.42,1216.42,296.537,1235.54,3372.26,809.363
typed_put_1024_r2,msgpack,1,1024,158554,192275,327.42,1536.44,346.341,1835.08,2887.33,544.935
typed_put_1024_r2,json,1,1024,158554,253595,5229.62,4170.16,5563.05,4198.07,179.758,238.205
typed_segment_256,json-control,1,256,14043,27066,261.02,373.78,263.175,375.801,3799.75,2660.98
typed_segment_256,cbor,1,256,14043,20092,85.68,250.16,87.3742,250.369,11445,3994.1
typed_segment_256,msgpack,1,256,14043,20092,84.56,253.28,84.7792,255.003,11795.3,3921.52
typed_segment_256,json,1,256,14043,27066,667.04,575.96,671.331,583.759,1489.58,1713.04
typed_replay_trace,json-control,1,11,934,1636,16.2,24.24,16.2183,24.2583,61658.7,41222.9
typed_replay_trace,cbor,1,11,934,1215,4.58,12.96,4.585,12.9942,218103,76957.5
typed_replay_trace,msgpack,1,11,934,1218,4.58,12.98,4.6025,12.99,217273,76982.3
typed_replay_trace,json,1,11,934,1636,40.08,35.84,40.4008,35.8642,24752,27883
single_metadata,cbor,2,1,128,190,1.26,2.48,1.26,2.49166,793651,401339
single_metadata,msgpack,2,1,128,190,1.22,2.36,1.2275,2.39832,814664,416959
single_metadata,json,2,1,128,251,8.36,8.9,8.37584,8.91,119391,112233
single_metadata,json-control,2,1,128,251,2.82,4.44,2.83668,4.45168,352525,224634
metadata_batch,cbor,2,32,32768,35469,22.12,151.46,23.3083,153.048,42903.1,6533.88
metadata_batch,msgpack,2,32,32768,35469,18.6,150.42,18.6217,152.808,53700.9,6544.15
metadata_batch,json,2,32,32768,46647,564.1,555.44,568.079,557.662,1760.32,1793.2
metadata_batch,json-control,2,32,32768,46647,394.06,549.96,396.589,553.089,2521.5,1808.03
full_batch,cbor,2,1024,262144,348175,364.94,1985.3,367.576,1996.52,2720.53,500.873
full_batch,msgpack,2,1024,262144,348175,364.94,1976.54,371.48,2008.55,2691.93,497.871
full_batch,json,2,1024,262144,443417,5670.12,5586.78,5770.06,5673.8,173.308,176.249
full_batch,json-control,2,1024,262144,443417,3483.02,5156.52,3510.38,5339.18,284.869,187.295
key_heavy,cbor,2,256,32768,168975,144.08,907.52,144.592,916.295,6916.03,1091.35
key_heavy,msgpack,2,256,32768,168975,128.72,860.94,130.892,864.347,7639.91,1156.94
key_heavy,json,2,256,32768,181528,1234.42,1349.58,1239.61,1354.18,806.706,738.453
key_heavy,json-control,2,256,32768,181528,935.12,1213.64,937.612,1222.5,1066.54,817.998
binary_payload,cbor,2,64,262144,267533,85.48,843.52,85.5025,848.793,11695.6,1178.14
binary_payload,msgpack,2,64,262144,267533,85.78,844.34,86.0458,852.727,11621.7,1172.71
binary_payload,json,2,64,262144,355414,4065.96,4050.54,4170.72,4071.69,239.767,245.598
binary_payload,json-control,2,64,262144,355414,2980.62,4248.38,2992.91,4310.99,334.123,231.965
large_payload,cbor,2,8,524288,524987,114.98,1451.32,115.482,1460.19,8659.38,684.844
large_payload,msgpack,2,8,524288,524987,117.58,1391.5,117.832,1395.32,8486.62,716.679
large_payload,json,2,8,524288,699806,7121.96,8122.6,7220.79,8354,138.489,119.703
large_payload,json-control,2,8,524288,699806,6782.82,9337.7,6852.41,9393.74,145.934,106.454
typed_put_32_r2,cbor,2,32,4878,5905,12.06,45.36,12.0758,46.1733,82810.1,21657.5
typed_put_32_r2,msgpack,2,32,4878,5905,12.36,44.28,12.3892,44.3067,80715.7,22570
typed_put_32_r2,json,2,32,4878,7789,135.08,127.94,135.259,128.611,7393.21,7775.39
typed_put_32_r2,json-control,2,32,4878,7789,72.28,98.32,72.2908,98.5892,13833,10143.1
typed_put_256_r8,cbor,2,256,122084,130693,100.1,581.78,100.112,583.016,9988.85,1715.22
typed_put_256_r8,msgpack,2,256,122084,130693,100.32,599.06,100.535,604.985,9946.78,1652.93
typed_put_256_r8,json,2,256,122084,173166,2301.02,2143.56,2322.49,2172.97,430.571,460.199
typed_put_256_r8,json-control,2,256,122084,173166,1499.9,2103.58,1515.62,2118.03,659.794,472.136
typed_put_1024_r2,cbor,2,1024,158554,192275,319.46,1309.28,320.577,1320.82,3119.38,757.105
typed_put_1024_r2,msgpack,2,1024,158554,192275,314.44,1256.7,317.57,1269.94,3148.91,787.438
typed_put_1024_r2,json,2,1024,158554,253595,3702.6,3491.08,3733.08,3533.28,267.875,283.023
typed_put_1024_r2,json-control,2,1024,158554,253595,2012.36,2799.68,2039.92,2831.75,490.215,353.139
typed_segment_256,cbor,2,256,14043,20092,74.68,219.16,75.3958,221.422,13263.3,4516.27
typed_segment_256,msgpack,2,256,14043,20092,73.8,221.18,74.3492,222.218,13450,4500.1
typed_segment_256,json,2,256,14043,27066,583.38,491.98,587.886,496.268,1701.01,2015.04
typed_segment_256,json-control,2,256,14043,27066,229.96,321.16,234.814,324.571,4258.69,3080.99
typed_replay_trace,cbor,2,11,934,1215,4.3,11.92,4.31332,11.935,231840,83787.2
typed_replay_trace,msgpack,2,11,934,1218,4.12,11.82,4.12,11.8442,242718,84429.8
typed_replay_trace,json,2,11,934,1636,34.26,31.34,34.2633,31.36,29185.7,31887.8
typed_replay_trace,json-control,2,11,934,1636,14.76,21.66,15.1258,21.8567,66112,45752.6
single_metadata,msgpack,3,1,128,190,1.08,2.4,1.0925,2.41916,915332,413367
single_metadata,json,3,1,128,251,8.32,7.74,9.35582,7.73834,106885,129227
single_metadata,json-control,3,1,128,251,2.5,3.62,2.50418,3.62918,399332,275544
single_metadata,cbor,3,1,128,190,1.06,2.16,1.065,2.15332,938967,464399
metadata_batch,msgpack,3,32,32768,35469,17.06,131.96,17.0575,132.857,58625.2,7526.91
metadata_batch,json,3,32,32768,46647,489.08,500.66,492.432,504.153,2030.74,1983.52
metadata_batch,json-control,3,32,32768,46647,368.28,484.12,370.957,486.02,2695.73,2057.53
metadata_batch,cbor,3,32,32768,35469,16.5,125.56,16.675,125.941,59970,7940.24
full_batch,msgpack,3,1024,262144,348175,328.84,1846.06,330.74,1853.4,3023.52,539.548
full_batch,json,3,1024,262144,443417,4922.9,4772.12,4932.93,4790.33,202.719,208.754
full_batch,json-control,3,1024,262144,443417,3039.52,4371.92,3046.81,4382.97,328.212,228.156
full_batch,cbor,3,1024,262144,348175,317.96,1753.8,318.606,1757.68,3138.67,568.932
key_heavy,msgpack,3,256,32768,168975,106.38,754.68,106.625,756.383,9378.66,1322.08
key_heavy,json,3,256,32768,181528,1007.2,1183.14,1008.91,1184.92,991.169,843.936
key_heavy,json-control,3,256,32768,181528,839.5,1090.58,842.095,1092.74,1187.51,915.131
key_heavy,cbor,3,256,32768,168975,106.36,761.12,107.213,765.954,9327.27,1305.56
binary_payload,msgpack,3,64,262144,267533,81.9,807.76,81.9092,811.84,12208.6,1231.77
binary_payload,json,3,64,262144,355414,3515.72,3577.44,3525.26,3591.09,283.667,278.467
binary_payload,json-control,3,64,262144,355414,2884.54,4028.84,2895.11,4045.21,345.41,247.206
binary_payload,cbor,3,64,262144,267533,80.2,809.62,80.4067,813.092,12436.8,1229.87
large_payload,msgpack,3,8,524288,524987,110.56,1332.72,110.632,1337.25,9039,747.803
large_payload,json,3,8,524288,699806,7136.98,8255.42,7166.29,8814.03,139.542,113.455
large_payload,json-control,3,8,524288,699806,6931.52,10122.5,7090.86,10251.3,141.027,97.549
large_payload,cbor,3,8,524288,524987,137.98,1625.7,140.588,1635.88,7113.01,611.294
typed_put_32_r2,msgpack,3,32,4878,5905,14.32,46.7,15.4333,46.8492,64794.8,21345.1
typed_put_32_r2,json,3,32,4878,7789,138.88,136.26,138.888,137.53,7200.03,7271.14
typed_put_32_r2,json-control,3,32,4878,7789,72.54,109.06,72.5417,109.368,13785.2,9143.42
typed_put_32_r2,cbor,3,32,4878,5905,12.64,46.14,12.67,46.1592,78926.6,21664.2
typed_put_256_r8,msgpack,3,256,122084,130693,114.68,657.78,114.687,662.656,8719.41,1509.08
typed_put_256_r8,json,3,256,122084,173166,2388.42,2254.88,2401.22,2285.15,416.455,437.609
typed_put_256_r8,json-control,3,256,122084,173166,1654.22,2479.5,1679.56,2611.41,595.393,382.935
typed_put_256_r8,cbor,3,256,122084,130693,149.82,762.62,161.907,777.908,6176.37,1285.5
typed_put_1024_r2,msgpack,3,1024,158554,192275,439.54,1643.92,446.473,1663.12,2239.78,601.278
typed_put_1024_r2,json,3,1024,158554,253595,4691.74,4335.1,4785.69,4409.8,208.956,226.767
typed_put_1024_r2,json-control,3,1024,158554,253595,2506.2,3356.78,2570.39,3395.24,389.046,294.53
typed_put_1024_r2,cbor,3,1024,158554,192275,342.84,1518.58,346.549,1545.24,2885.59,647.147
typed_segment_256,msgpack,3,256,14043,20092,91.06,254.68,92.1383,258.555,10853.2,3867.65
typed_segment_256,json,3,256,14043,27066,685.86,572.08,693.989,576.062,1440.94,1735.93
typed_segment_256,json-control,3,256,14043,27066,255.06,371.5,255.903,372.649,3907.73,2683.49
typed_segment_256,cbor,3,256,14043,20092,84.62,253.72,84.6367,256.072,11815.2,3905.16
typed_replay_trace,msgpack,3,11,934,1218,4.88,13.6,4.87584,13.6183,205093,73430.5
typed_replay_trace,json,3,11,934,1636,39.22,36.68,39.2417,37.1483,25483.1,26919.1
typed_replay_trace,json-control,3,11,934,1636,15.68,24.92,15.6975,25.1042,63704.4,39834
typed_replay_trace,cbor,3,11,934,1215,4.88,13.56,4.88918,13.5708,204533,73687.4
single_metadata,json,4,1,128,251,8.4,8.7,8.4075,8.72416,118941,114624
single_metadata,json-control,4,1,128,251,2.98,4.2,2.98084,4.21084,335476,237482
single_metadata,cbor,4,1,128,190,1.36,2.4,1.36334,2.4025,733493,416233
single_metadata,msgpack,4,1,128,190,1.2,2.5,1.20416,2.51918,830454,396955
metadata_batch,json,4,32,32768,46647,578.34,582.72,583.176,588.733,1714.75,1698.56
metadata_batch,json-control,4,32,32768,46647,422.08,580.46,424.944,586.201,2353.25,1705.9
metadata_batch,cbor,4,32,32768,35469,18.68,146.4,18.685,148.588,53518.9,6730
metadata_batch,msgpack,4,32,32768,35469,18.6,156.98,18.615,164.192,53720.1,6090.44
full_batch,json,4,1024,262144,443417,5863.38,5835.8,6065.9,5898.72,164.856,169.528
full_batch,json-control,4,1024,262144,443417,3822.74,5239.56,3856.2,5289.94,259.322,189.038
full_batch,cbor,4,1024,262144,348175,371.44,2025.08,373.689,2036.18,2676.02,491.116
full_batch,msgpack,4,1024,262144,348175,374.7,2042.7,376.988,2066.05,2652.6,484.017
key_heavy,json,4,256,32768,181528,1215.7,1530.04,1238.24,1570.84,807.595,636.601
key_heavy,json-control,4,256,32768,181528,1109.48,1442.48,1114.38,1450.09,897.358,689.611
key_heavy,cbor,4,256,32768,168975,139.88,987.78,141.523,997.074,7066.01,1002.93
key_heavy,msgpack,4,256,32768,168975,156.22,1005.82,156.723,1013.69,6380.67,986.496
binary_payload,json,4,64,262144,355414,5036.58,5029.56,5127.97,5110.84,195.009,195.662
binary_payload,json-control,4,64,262144,355414,3970.5,5498.22,4024.42,5593.66,248.483,178.774
binary_payload,cbor,4,64,262144,267533,137.32,1266.84,144.686,1290.37,6911.53,774.975
binary_payload,msgpack,4,64,262144,267533,131.12,1278.8,133.451,1288.1,7493.4,776.338
large_payload,json,4,8,524288,699806,12769.2,13114.2,13251.1,16382.3,75.4652,61.0413
large_payload,json-control,4,8,524288,699806,9847.48,13262.5,10630,13896.4,94.0731,71.9611
large_payload,cbor,4,8,524288,524987,174.24,2095.44,181.199,2141.73,5518.79,466.912
large_payload,msgpack,4,8,524288,524987,167,1929.1,167.163,1947.9,5982.17,513.372
typed_put_32_r2,json,4,32,4878,7789,161.88,142.72,165.057,142.742,6058.53,7005.66
typed_put_32_r2,json-control,4,32,4878,7789,84.98,118.42,84.9925,120.574,11765.7,8293.65
typed_put_32_r2,cbor,4,32,4878,5905,14.04,51.08,14.0383,51.0858,71233.6,19574.9
typed_put_32_r2,msgpack,4,32,4878,5905,14.08,51.36,14.0842,51.3758,71001.7,19464.4
typed_put_256_r8,json,4,256,122084,173166,2805.44,2668.48,2865.87,2720.87,348.934,367.53
typed_put_256_r8,json-control,4,256,122084,173166,1781.24,2569.62,1794.5,2593.96,557.259,385.511
typed_put_256_r8,cbor,4,256,122084,130693,126.8,751.32,126.808,761.737,7885.92,1312.79
typed_put_256_r8,msgpack,4,256,122084,130693,128.34,765.76,129.243,783.267,7737.39,1276.7
typed_put_1024_r2,json,4,1024,158554,253595,5038.68,5509.48,6476.15,6407.01,154.413,156.079
typed_put_1024_r2,json-control,4,1024,158554,253595,3172.06,3831.26,3268.32,3901.64,305.968,256.303
typed_put_1024_r2,cbor,4,1024,158554,192275,429.48,1710.42,438.567,1754.93,2280.15,569.823
typed_put_1024_r2,msgpack,4,1024,158554,192275,452.36,1812.3,464.054,1850.15,2154.92,540.496
typed_segment_256,json,4,256,14043,27066,804.5,703.16,811.985,711.69,1231.55,1405.11
typed_segment_256,json-control,4,256,14043,27066,309.38,433.16,312.467,437.736,3200.33,2284.48
typed_segment_256,cbor,4,256,14043,20092,95.64,303.28,95.6642,306.09,10453.2,3267.01
typed_segment_256,msgpack,4,256,14043,20092,106.04,304.64,109.296,308.095,9149.48,3245.75
typed_replay_trace,json,4,11,934,1636,45.06,41.32,45.0775,41.5692,22184,24056.3
typed_replay_trace,json-control,4,11,934,1636,18.86,27.04,18.8708,27.3267,52991.8,36594.3
typed_replay_trace,cbor,4,11,934,1215,5.54,15.46,5.54834,15.4717,180234,64634.3
typed_replay_trace,msgpack,4,11,934,1218,5.54,15.34,5.53334,15.3433,180723,65174.9
single_metadata,json-control,5,1,128,251,3.34,4.7,3.36,4.68334,297619,213523
single_metadata,cbor,5,1,128,190,1.46,2.84,1.4725,2.86334,679117,349242
single_metadata,msgpack,5,1,128,190,1.48,2.86,1.48582,2.86334,673029,349242
single_metadata,json,5,1,128,251,9.56,10,9.545,10.0283,104767,99717.4
metadata_batch,json-control,5,32,32768,46647,498.48,655.64,503.356,663.107,1986.67,1508.05
metadata_batch,cbor,5,32,32768,35469,22.7,186.2,22.7033,190.207,44046.4,5257.44
metadata_batch,msgpack,5,32,32768,35469,23.62,186.44,24.0558,191.062,41570,5233.91
metadata_batch,json,5,32,32768,46647,676.98,660.38,695.783,683.877,1437.23,1462.25
full_batch,json-control,5,1024,262144,443417,4962.62,6229,5083.67,6395.1,196.708,156.37
full_batch,cbor,5,1024,262144,348175,577.66,3177.6,616.133,3679.2,1623.03,271.798
full_batch,msgpack,5,1024,262144,348175,635.54,3714.88,659.326,5871.07,1516.7,170.327
full_batch,json,5,1024,262144,443417,9322,8769.02,9539.45,8995.39,104.828,111.168
key_heavy,json-control,5,256,32768,181528,1551.02,1883.32,1582.08,1914.86,632.08,522.232
key_heavy,cbor,5,256,32768,168975,170.86,1201.7,171.303,1214.13,5837.63,823.635
key_heavy,msgpack,5,256,32768,168975,176.12,1208.56,178.862,1224.11,5590.91,816.923
key_heavy,json,5,256,32768,181528,1687.44,2189.28,1760.2,2284.88,568.117,437.66
binary_payload,json-control,5,64,262144,355414,4911.32,6324.68,5140.37,6500.11,194.539,153.844
binary_payload,cbor,5,64,262144,267533,133.28,1276.24,137.179,1302.51,7289.74,767.746
binary_payload,msgpack,5,64,262144,267533,126.36,1271.14,126.775,1292.71,7887.99,773.566
binary_payload,json,5,64,262144,355414,5012.94,4800.72,5090.61,5059.19,196.44,197.66
large_payload,json-control,5,8,524288,699806,7648.88,10918.7,7950.15,11250.6,125.784,88.8838
large_payload,cbor,5,8,524288,524987,154.92,1830.16,157.028,1843.15,6368.31,542.55
large_payload,msgpack,5,8,524288,524987,151.3,1966.1,152.04,2005.95,6577.22,498.516
large_payload,json,5,8,524288,699806,10325.6,9882.96,11169.6,10026.4,89.5284,99.7367
typed_put_32_r2,json-control,5,32,4878,7789,85.18,118.4,85.3317,119.57,11719,8363.3
typed_put_32_r2,cbor,5,32,4878,5905,14.12,53.38,14.1275,53.7633,70783.9,18600
typed_put_32_r2,msgpack,5,32,4878,5905,14.66,53.82,14.6808,54.5542,68116.1,18330.4
typed_put_32_r2,json,5,32,4878,7789,163.74,152.68,166.538,155.711,6004.62,6422.16
typed_put_256_r8,json-control,5,256,122084,173166,1919.54,2871.44,1945.91,3024.57,513.897,330.626
typed_put_256_r8,cbor,5,256,122084,130693,166.08,984.02,173.101,1003.5,5776.98,996.507
typed_put_256_r8,msgpack,5,256,122084,130693,152.16,1005.9,167.762,1159.02,5960.84,862.798
typed_put_256_r8,json,5,256,122084,173166,3478.84,3167.34,3577.67,3440.7,279.511,290.638
typed_put_1024_r2,json-control,5,1024,158554,253595,3655.9,4795.44,3785.34,4856.99,264.177,205.889
typed_put_1024_r2,cbor,5,1024,158554,192275,542.54,2138.4,549.812,2175.6,1818.8,459.643
typed_put_1024_r2,msgpack,5,1024,158554,192275,524.28,2004.18,536.008,2043.31,1865.65,489.403
typed_put_1024_r2,json,5,1024,158554,253595,5965.62,5631.86,6078.38,5784.93,164.517,172.863
typed_segment_256,json-control,5,256,14043,27066,429.4,605.12,453.476,637.729,2205.19,1568.06
typed_segment_256,cbor,5,256,14043,20092,127.82,394.74,128.786,402.727,7764.83,2483.07
typed_segment_256,msgpack,5,256,14043,20092,127.92,406.56,129.23,426.884,7738.14,2342.56
typed_segment_256,json,5,256,14043,27066,959.86,781.9,978.597,793.19,1021.87,1260.73
typed_replay_trace,json-control,5,11,934,1636,21.96,32.14,22.0108,32.1575,45432.2,31096.9
typed_replay_trace,cbor,5,11,934,1215,6.64,18.52,6.66166,18.8092,150113,53165.5
typed_replay_trace,msgpack,5,11,934,1218,6.92,19.28,7.56916,19.9192,132115,50202.9
typed_replay_trace,json,5,11,934,1636,52.74,48.02,52.9692,48.2483,18878.9,20726.1
single_metadata,cbor,6,1,128,190,1.92,3.34,2.03416,3.34084,491603,299326
single_metadata,msgpack,6,1,128,190,1.66,3.24,1.68834,3.26416,592298,306358
single_metadata,json,6,1,128,251,11.1,11.52,11.1033,11.755,90063,85070.2
single_metadata,json-control,6,1,128,251,4.02,5.48,4.03,5.4725,248139,182732
metadata_batch,cbor,6,32,32768,35469,26.96,202.04,27.1058,203.923,36892.4,4903.8
metadata_batch,msgpack,6,32,32768,35469,27.22,203.22,27.4925,206.6,36373.6,4840.27
metadata_batch,json,6,32,32768,46647,755.92,730.98,761.922,746.194,1312.47,1340.13
metadata_batch,json-control,6,32,32768,46647,568.4,749.4,582.657,765.739,1716.28,1305.93
full_batch,cbor,6,1024,262144,348175,530.24,2973.82,542.243,3090.59,1844.19,323.563
full_batch,msgpack,6,1024,262144,348175,661.56,3479.8,726.474,3727.05,1376.51,268.309
full_batch,json,6,1024,262144,443417,10625.4,9292.74,12211.7,9455,81.8884,105.764
full_batch,json-control,6,1024,262144,443417,5986.64,7264.84,6094.05,7358.35,164.094,135.9
key_heavy,cbor,6,256,32768,168975,178.56,1317.38,181.863,1337.81,5498.66,747.49
key_heavy,msgpack,6,256,32768,168975,175.94,1314.46,179.519,1340.72,5570.44,745.866
key_heavy,json,6,256,32768,181528,1954.7,2243.62,2048.18,2316.28,488.238,431.728
key_heavy,json-control,6,256,32768,181528,1596.84,2038.76,1623.47,2063.19,615.963,484.685
binary_payload,cbor,6,64,262144,267533,146.3,1446.16,147.695,1462.66,6770.71,683.684
binary_payload,msgpack,6,64,262144,267533,144.48,1439.4,145.279,1450.44,6883.3,689.448
binary_payload,json,6,64,262144,355414,6135.76,7374.9,6583.27,7662.05,151.9,130.513
binary_payload,json-control,6,64,262144,355414,5717.8,6721.84,5837.95,6834.29,171.293,146.321
large_payload,cbor,6,8,524288,524987,206.82,2407.48,211.508,2458.21,4727.95,406.801
large_payload,msgpack,6,8,524288,524987,199.3,2413.52,202.092,2470.61,4948.25,404.758
large_payload,json,6,8,524288,699806,13466.5,12186.9,13972.4,12307.5,71.5695,81.2514
large_payload,json-control,6,8,524288,699806,10907,14998.7,11241.4,18964,88.9569,52.7316
typed_put_32_r2,cbor,6,32,4878,5905,23.14,83.48,23.4742,84.4983,42600,11834.6
typed_put_32_r2,msgpack,6,32,4878,5905,21.96,82.46,21.9708,82.49,45514.9,12122.7
typed_put_32_r2,json,6,32,4878,7789,249.88,230.86,251.379,231.842,3978.05,4313.29
typed_put_32_r2,json-control,6,32,4878,7789,127.4,176.92,127.817,177.538,7823.65,5632.59
typed_put_256_r8,cbor,6,256,122084,130693,201.72,1165.56,202.61,1191.4,4935.59,839.349
typed_put_256_r8,msgpack,6,256,122084,130693,199.1,1179.94,202.577,1227.09,4936.38,814.938
typed_put_256_r8,json,6,256,122084,173166,4795.18,4805,5085.44,5085.63,196.64,196.632
typed_put_256_r8,json-control,6,256,122084,173166,2823.96,3381.2,2939.82,3536.13,340.157,282.795
typed_put_1024_r2,cbor,6,1024,158554,192275,568.76,2234.06,586.731,2323.68,1704.36,430.351
typed_put_1024_r2,msgpack,6,1024,158554,192275,688.34,2507.62,722.279,2700.74,1384.51,370.269
typed_put_1024_r2,json,6,1024,158554,253595,7503.04,7341.32,7736.4,7932.03,129.259,126.071
typed_put_1024_r2,json-control,6,1024,158554,253595,4209.48,5886.52,4479.41,6032.63,223.244,165.765
typed_segment_256,cbor,6,256,14043,20092,161.32,493.36,165.183,512.171,6053.91,1952.47
typed_segment_256,msgpack,6,256,14043,20092,164.28,472.88,171.859,492.924,5818.72,2028.71
typed_segment_256,json,6,256,14043,27066,1130.12,943.06,1179.2,976.077,848.032,1024.51
typed_segment_256,json-control,6,256,14043,27066,424.82,611.24,449.547,647.701,2224.46,1543.92
typed_replay_trace,cbor,6,11,934,1215,7.36,23.46,7.36834,24.7867,135716,40344.3
typed_replay_trace,msgpack,6,11,934,1218,7.4,23.28,7.40166,24.3375,135105,41088.9
typed_replay_trace,json,6,11,934,1636,62.48,56.76,64.59,57.5167,15482.3,17386.3
typed_replay_trace,json-control,6,11,934,1636,27.46,45.12,28.21,49.5392,35448.4,20186
single_metadata,msgpack,7,1,128,190,1.92,3.78,1.945,3.78916,514139,263911
single_metadata,json,7,1,128,251,13.76,14.34,14.31,14.5183,69881.2,68878.4
single_metadata,json-control,7,1,128,251,6.3,9.22,7.67084,10.8808,130364,91904.8
single_metadata,cbor,7,1,128,190,1.98,3.86,1.9775,3.8525,505689,259572
metadata_batch,msgpack,7,32,32768,35469,31.72,256.3,32.7633,271.743,30521.9,3679.94
metadata_batch,json,7,32,32768,46647,873.5,895.22,893.757,915.589,1118.87,1092.19
metadata_batch,json-control,7,32,32768,46647,746.34,998.44,774.173,1041.28,1291.7,960.358
metadata_batch,cbor,7,32,32768,35469,36.58,295.98,37.3517,311.908,26772.6,3206.08
full_batch,msgpack,7,1024,262144,348175,770.86,4331.92,837.125,4701.42,1194.56,212.702
full_batch,json,7,1024,262144,443417,12704.5,11460.8,13390.4,11823.1,74.6802,84.5801
full_batch,json-control,7,1024,262144,443417,7711.96,11414.3,8504.08,14215.7,117.591,70.3445
full_batch,cbor,7,1024,262144,348175,937.56,4888.64,1065.09,5143.07,938.887,194.436
key_heavy,msgpack,7,256,32768,168975,265.82,1817.46,282.503,1895.77,3539.78,527.491
key_heavy,json,7,256,32768,181528,2378.18,2694.82,2455.81,2802.48,407.197,356.826
key_heavy,json-control,7,256,32768,181528,2033.84,2535.7,2076.97,2589.8,481.47,386.13
key_heavy,cbor,7,256,32768,168975,216,1590.2,222.743,1690.68,4489.47,591.479
binary_payload,msgpack,7,64,262144,267533,195.6,1787.84,206.752,2244.06,4836.7,445.622
binary_payload,json,7,64,262144,355414,7894.46,7665.78,9011.25,7874.39,110.972,126.994
binary_payload,json-control,7,64,262144,355414,6110.02,9200.18,7695.45,10168.9,129.947,98.3391
binary_payload,cbor,7,64,262144,267533,229.22,2173.22,248.098,2283.1,4030.66,438.001
large_payload,msgpack,7,8,524288,524987,305.32,3454.36,323.285,3706.27,3093.25,269.813
large_payload,json,7,8,524288,699806,13933,14447.4,15327.2,14993.3,65.2435,66.6965
large_payload,json-control,7,8,524288,699806,10746,16227,11192.2,17036,89.3476,58.6992
large_payload,cbor,7,8,524288,524987,239.3,2933.52,244.025,3099.39,4097.94,322.645
typed_put_32_r2,msgpack,7,32,4878,5905,25.88,98.3,28.0975,110.238,35590.4,9071.25
typed_put_32_r2,json,7,32,4878,7789,253.1,259.08,292.331,294.696,3420.78,3393.33
typed_put_32_r2,json-control,7,32,4878,7789,139.1,194.94,150.113,207.287,6661.67,4824.22
typed_put_32_r2,cbor,7,32,4878,5905,28.04,86.58,31.69,90.9767,31555.7,10991.8
typed_put_256_r8,msgpack,7,256,122084,130693,226.96,1484.98,245.912,1652.14,4066.49,605.277
typed_put_256_r8,json,7,256,122084,173166,4996.46,4761.2,5244.93,4943.97,190.66,202.267
typed_put_256_r8,json-control,7,256,122084,173166,3114.3,3893.98,3186.55,3955.29,313.819,252.826
typed_put_256_r8,cbor,7,256,122084,130693,167.42,961.8,168.292,969.656,5942.07,1031.29
typed_put_1024_r2,msgpack,7,1024,158554,192275,542.9,2116.98,549.692,2129.67,1819.2,469.557
typed_put_1024_r2,json,7,1024,158554,253595,6841.14,6032.7,6901.15,6068.86,144.903,164.776
typed_put_1024_r2,json-control,7,1024,158554,253595,3527.82,4940.56,3566.46,4997.57,280.39,200.097
typed_put_1024_r2,cbor,7,1024,158554,192275,531.46,2114.5,535.762,2124.77,1866.5,470.639
typed_segment_256,msgpack,7,256,14043,20092,128.94,384,129.346,384.853,7731.21,2598.39
typed_segment_256,json,7,256,14043,27066,1023.08,871.76,1029,876.878,971.817,1140.41
typed_segment_256,json-control,7,256,14043,27066,382.76,557.52,384.338,560.082,2601.87,1785.45
typed_segment_256,cbor,7,256,14043,20092,130.2,387.2,130.947,388.649,7636.7,2573.01
typed_replay_trace,msgpack,7,11,934,1218,7.4,20.18,7.41416,20.1925,134877,49523.3
typed_replay_trace,json,7,11,934,1636,59.72,55.1,60.0575,55.4567,16650.7,18032.1
typed_replay_trace,json-control,7,11,934,1636,25.08,37.06,25.1083,37.0633,39827.4,26980.9
typed_replay_trace,cbor,7,11,934,1215,7.3,21.26,7.32,21.7983,136612,45875.1
